<?xml version="1.0" encoding="UTF-8"?>
<beans xmlns="http://www.springframework.org/schema/beans"
	xmlns:xsi="http://www.w3.org/2001/XMLSchema-instance"
	xmlns:mvc="http://www.springframework.org/schema/mvc"
	xmlns:context="http://www.springframework.org/schema/context"
	xmlns:tx="http://www.springframework.org/schema/tx"
	xsi:schemaLocation="http://www.springframework.org/schema/mvc http://www.springframework.org/schema/mvc/spring-mvc-4.3.xsd
		http://www.springframework.org/schema/beans http://www.springframework.org/schema/beans/spring-beans.xsd
		http://www.springframework.org/schema/context http://www.springframework.org/schema/context/spring-context-4.3.xsd
		http://www.springframework.org/schema/tx http://www.springframework.org/schema/tx/spring-tx-4.3.xsd">
	
	<!-- 기본설정 -->
	<mvc:annotation-driven />
	<mvc:default-servlet-handler/>
	
	<mvc:interceptors>
	 <mvc:interceptor>
	  <mvc:mapping path="/m/**" />
	  <bean class="com.interceptor.LoginCheckInterceptor"></bean>
	 </mvc:interceptor>
	</mvc:interceptors>
	
	<mvc:view-controller path="/login" view-name="login"/>
	<mvc:view-controller path="/memberSignup" view-name="memberSignup"/>
	<!--  <mvc:view-controller path="m/mypage" view-name="mypage"/>-->
	
	
	<!-- 정적파일등록 -->
	<mvc:resources location="/WEB-INF/images/" mapping="/images/**" /> 
	<mvc:resources location="/WEB-INF/js/" mapping="/js/**" /> 
	<mvc:resources location="/WEB-INF/css/" mapping="/css/**" /> 
	
	
	<!-- <bean class="org.springframework.web.servlet.view.InternalResourceViewResolver">
  <property name="prefix" value="/WEB-INF/views/" />
  <property name="suffix" value=".jsp" />
</bean> -->
	<!-- InternalResourceViewResolver -->
	<mvc:view-resolvers>
	 <mvc:bean-name>
	  <bean class="org.springframework.web.servlet.view.InternalResourceViewResolver"></bean>
	 </mvc:bean-name>
	 <mvc:jsp prefix="/WEB-INF/views/" suffix=".jsp"/>
	</mvc:view-resolvers>
		
	<context:component-scan base-package="com.*" />
	
</beans>
