<?xml version="1.0" encoding="UTF-8" ?>
<!DOCTYPE configuration
PUBLIC "-//mybatis.org//DTD Config 3.0//EN"
"http://mybatis.org/dtd/mybatis-3-config.dtd">
<configuration>

   
   <typeAliases>
    <typeAlias type="com.dto.MemberDTO" alias="MemberDTO"/>
    <typeAlias type="com.dto.GoodsDTO" alias="GoodsDTO"/>
    <typeAlias type="com.dto.CartDTO" alias="CartDTO"/>
    <typeAlias type="com.dto.DoneDTO" alias="DoneDTO"/>
    <typeAlias type="com.dto.NoticeDTO" alias="NoticeDTO"/>
    <typeAlias type="com.dto.FavorDTO" alias="FavorDTO"/>
   </typeAliases>
   
	<mappers>
		<mapper resource="com/config/MemberMapper.xml" />
		<mapper resource="com/config/GoodsMapper.xml" />
		<mapper resource="com/config/CartMapper.xml" />
		<mapper resource="com/config/NoticeMapper.xml" />
		<mapper resource="com/config/DoneMapper.xml" />
		<mapper resource="com/config/FavorMapper.xml" />
	</mappers>
	
</configuration>



