<!DOCTYPE mapper
    PUBLIC "-//mybatis.org//DTD Mapper 3.0//EN"
    "http://mybatis.org/dtd/mybatis-3-mapper.dtd">

<mapper namespace="MemberMapper">

	
	
	<select id="selectAll" resultType="MemberDTO">
	select userid,password, username,post, addr1, addr2, phone,
	email1, email2, mas, ssn, hiredate, mileage
	from member
	</select>
	
	<select id="idCheck" parameterType="map" resultType="MemberDTO">
	select userid,password, username,post, addr1, addr2, phone,
	email1, email2, mas, ssn, hiredate, mileage
	from member
	where userid = #{userid} and password = #{password}
	</select>
	
	<select id="idSerch" parameterType="String" resultType="MemberDTO">
	select userid,password, username,post, addr1, addr2, phone,
	email1, email2, mas, ssn, hiredate, mileage
	from member
	where userid = #{userid}
	</select>
	
	<select id="signUpCheck" parameterType="string" resultType="int">
	select count(*)
	from member
	where userid = #{userid}
	</select>
	
	<insert id="memberSignup" parameterType="MemberDTO">
	insert into member(userid,password,username,ssn,post,addr1,addr2,phone,email1,email2,mas,hiredate )
	values(#{userid},#{password},#{username},#{ssn},#{post},#{addr1},#{addr2},#{phone},#{email1},#{email2},null,to_char(sysdate,'yyyy-mm-dd'))
	</insert>
	
	<delete id="memberDel" parameterType="string">
	delete from member
	where userid= #{userid}
	</delete>
	
	<update id="memberUpdate" parameterType="MemberDTO">
	update member
	set post=#{post},
	addr1 = #{addr1},
	addr2 = #{addr2},
	phone = #{phone},
	email1 = #{email1},
	email2 = #{email2},
	ssn = #{ssn}
	where userid = #{userid}
	</update>
	
	<select id="memberListSerch" parameterType="hashmap" resultType="MemberDTO">
	select userid,password, username,post, addr1, addr2, phone,
	email1, email2, mas, ssn, hiredate, mileage
	from member
	<choose>
		<when test="userid !=null">
	where userid like '%'||#{userid}||'%'
 	   </when>
		<when test="username !=null">
	where username like '%'||#{username}||'%'
 	   </when>
	</choose>
	</select>
	
	<select id="total" resultType="int">
	select count(*) count
	from member
	<where>
		<if test="userid !=null">
		userid like '%'||#{userid}||'%'
		</if>
		<if test="username !=null">
		username like '%'||#{username}||'%'
		</if>
		</where> 
	</select>
	
	<select id="idSearch" parameterType="map" resultType="MemberDTO">
	select userid,password, username,post, addr1, addr2, phone,
	email1, email2, mas, ssn, hiredate, mileage
	from member
	where username = #{username} 
	and email1 = #{email1}
	and email2 = #{email2}
	</select>
	
	
	<select id="passSearch" parameterType="map" resultType="MemberDTO">
	select userid,password, username,post, addr1, addr2, phone,
	email1, email2, mas, ssn, hiredate, mileage
	from member
	where username = #{username} 
	and userid = #{userid}
	and email1 = #{email1}
	and email2 = #{email2}
	</select>
	
	<update id="passwordUpdate" parameterType="map">
	update member
	set password = #{password}
	where userid = #{userid}
	</update>
	
</mapper>