<?xml version="1.0" encoding="UTF-8"?>
<beans xmlns="http://www.springframework.org/schema/beans"
	xmlns:xsi="http://www.w3.org/2001/XMLSchema-instance"
	xmlns:context="http://www.springframework.org/schema/context"
	xmlns:mvc="http://www.springframework.org/schema/mvc"
	xmlns:tx="http://www.springframework.org/schema/tx"
	xsi:schemaLocation="http://www.springframework.org/schema/mvc http://www.springframework.org/schema/mvc/spring-mvc-4.3.xsd
		http://www.springframework.org/schema/beans http://www.springframework.org/schema/beans/spring-beans.xsd
		http://www.springframework.org/schema/context http://www.springframework.org/schema/context/spring-context-4.3.xsd
		http://www.springframework.org/schema/tx http://www.springframework.org/schema/tx/spring-tx-4.3.xsd">
	
		<!-- Root Context: defines shared resources visible to all other web components -->
	<!-- 1 jdbc.properties 등록 -->
<context:property-placeholder location="classpath:com/config/jdbc.properties"/>

<!-- 2 DBCP db연동 -->
<bean id="myDataSource" class="org.apache.commons.dbcp2.BasicDataSource" destroy-method="close">
        <property name="driverClassName" value="${jdbc.driver}"/>
        <property name="url" value="${jdbc.url}"/>
        <property name="username" value="${jdbc.username}"/>
        <property name="password" value="${xxx}"/>
    </bean>
 
 <!-- 3 SqlSessionFactoryBean == SqlSessionFactory 기능 -->
    <bean id="mySessionFactory" class="org.mybatis.spring.SqlSessionFactoryBean">
        <property name="dataSource" ref="myDataSource"/>
        <property name="configLocation" 
        value="classpath:com/config/Configuration.xml" />
    </bean>
 
 
<!-- 4 SqlSessionTemplate ==> SqlSession 기능 / constructor injection만 가능 -->
	<bean id="mySessionTemplate" class="org.mybatis.spring.SqlSessionTemplate">
		<constructor-arg name="sqlSessionFactory" ref="mySessionFactory" />
	</bean>

<!-- transaction 설정 -->
    <bean id="transactionManager"
            class="org.springframework.jdbc.datasource.DataSourceTransactionManager">
        <property name="dataSource" ref="myDataSource"/>
    </bean>
    <tx:annotation-driven/>


<!-- ㅡㅡㅡㅡㅡㅡㅡㅡㅡㅡㅡㅡㅡㅡㅡㅡㅡㅡㅡㅡㅡㅡㅡㅡㅡㅡㅡㅡㅡㅡㅡㅡㅡㅡㅡㅡㅡㅡㅡㅡㅡㅡㅡㅡㅡㅡㅡㅡㅡㅡㅡㅡㅡㅡㅡㅡㅡㅡㅡㅡ -->	
		
</beans>
